{"text": " Hello", "segments": [{"id": 0, "seek": 0, "start": 0.0, "end": 2.0, "text": " Hello", "tokens": [50364, 2425, 50464], "temperature": 0.0, "avg_logprob": -0.4505186676979065, "compression_ratio": 0.38461538461538464, "no_speech_prob": 0.08099328726530075}], "language": "en"}